productId,product
101,Mango Pickle Sweet
102,Vegetable Pickle 
103,Carrot Pickle
104,Udad Papad
105,Sabudana Papad
106,Lemon Pickle Sweet
107,Jackfruit Chips 
108,Banana Chips Salted
109,Jackfruit Pickle
110,Strawberry Shake Syrup
111,Blueberry Shake Syrup
112,Banana Chips Masala
113,Sabudana Chips
114,Lemon Pickle Sour 
115,"Amazon Brand - Vedaka Urad Special Papad, 400g"
116,"Amazon Brand - Vedaka Moong Special Papad, 400g"
117,Shree Krishna Sindhi Papad |200 Grams| Pack of 2 |
118,GANESH PAPAD Premium Bikaneri Special Moong Papad-400gms (9 Inch)
119,"Amazon Brand - Vedaka Chana Garlic Papad, 400g"
120,BANARASI ALOO PAPAD Regular 250gms
121,"Amazon Brand - Vedaka Moong Garlic Papad, 400g"
122,"Anu Appalam Papad Plain Indian Papad,400g - Pack of 2"
115,Mango Pickle Sour
201,Woolen Handmade Sweater round neck
202,Leather Jacket black
203,Woolen Gloves
204,Traditional Slipper dark brown
205,Leather Jacket brown
206,Woolen Handmade Sweater V neck
207,Traditional Slipper light brown
208,Traditional shoes
209,Leather Formal Shoes Black
210,Woolen Vest
211,Leather Formal Shoes Brown
212,Goa Beach Shirt
213,Woolen Winter Hoodie
214,Leather Formal Shoes Dark Brown
215,Woolen winter Jacket with zip
301,Bead Earrings 
302,Diamond Earnings
303,Wooden Bracelet
304,Sparkling Gold Necklace
305,Cartilage Helix Stainless Steel Eearring
306,Feather Earring Blue
307,Sparkling Gold Earring
308,Crystal Pearl Stud Earrings
309,Mens Magnet Stud Earring
310,Gold Bracelet
311,Sparkling Gold Pendant necklace
312,Mens Cartilage stud Earring
313,Tassel Handmade Earrings
314,Jewellery Gold Plated Floral Earrings
315,Zaveri Pearls Earrings
401,Merina Handicrafts Marble Elephant Statue Showpiece
402,Handicraft-Palace Cotton Abstract Wall Hanging Poster
403,Shanvi Handicraft Women's Small Bag
404,Simran Handicrafts Wooden Spectacle Holder
405,DRAVY HANDICRAFTS Elephant Door Wall Hanging
406,Metal Wrought Iron Tribal Lady Worker showpieces
407,Jk Handicrafts Handmade Wooden Jewellery Box
408,SPcreation Doll on the flower Print Handmade Handicraft Diary
409,Artvarko Brass Auto Rickshaw Home Decor Showpiece
410,Handicraft Hub India Metal Nimbu Mirchi Door Hanging
411,Fashion Bizz Rajasthani Ethnic Home Decor Handicrafts Items
412,Chessncrafts Wood Showpiece Figurine 
413,"uphaar Traditional Handicraft Hand Held Fan, Red"
414,Lekhraj Handicraft Elite Multicolor Handbag for Women
415,AR HandicraftsSheesham Plate Holder Decorative Showpiece
416,eCraftIndia Gemstone Studded Pure Brass Camel Cart Handicraft
417,Handicrafts Paradise Wrought Iron Showpiece Figurine Playing Dandia Multicolor 8.5 x 4.25 x 13.5 inch
418,eCraftIndia Gemstone Studded Pure Brass Camel Cart Handicraft
419,"Fashion Bizz Rajasthani Ethnic Home Decor Handicrafts Items - Rajasthani 6 Piece Musician Bawla Set in Wood Hight 2"""
420,2heet Stainless Steel Handicrafts Indian Hand Made Meena Work Peacock Design Glass (Golden) Set of 6
421,Priscilla Handicraft Colorfully Decorative Bird's Wall Hanging Set of 6-Multicolor
422,JR Handicrafts World German Silver Gold and Silver Plated Bowl Set
423,"Aafiya handicrafts® Rust Free Metal Plant Stand, Gamla Stand, Flower Pot Holder - White (Pack of 6)"
424,RAG28 Wooden Wall Decor Set of 11 (SPW10)
425,Paddy Handicraft Door Handing/3.5 feet for Main Door and for Pooja Room
426,Handicrafts Paradise Door Hanging Blue Painted Bell with Jhalar Blue Peacock with Metal Bell Set of 2
427,Handicraft Studio Buffet Server Catering Decorative Item Snacks Organiser
428,Handicraft Storeroom Acrylic Decorative Rangoli Set (Multicolour)
429,Handicrafts Paradise metal enamelled desert safari camel
430,Angira Handicrafts Wooden Serving Tray (Set of 2 ) 12 X 8 INCH with Digital Print (Brown)
431,Handicrafts Paradise Marble Chowki Set of 10 pc with Intricate Floral Painting by Handicrafts Paradise
432,"Brand Basket Handicraft Jewellery Box, Wedding Gift Box, Meenakari Wooden Box, Vanity Box."
433,Handicrafts Paradise Marble Chowki with Mouse Painted
434,Mauli Handicraft Handmade Iron Decorative Radheshyam Swing (Jhula) - 2 Wall Hangings
435,srishopify handicrafts Traditional Fabric Handbags for Women
